seed,steps,num_agents,width,height,total_runtime_ms,avg_step_ms,total_wealth,gini
42,50,100,20,20,18.35475,0.367095,100,0.7544
43,50,100,20,20,18.789542,0.375791,100,0.5866
44,50,100,20,20,18.692791,0.373856,100,0.5952
